Model,Pre-tune CV RMSE,Post-tune CV RMSE,Improvement
XGBoost,0.33252948169977453,0.3317570561851481,0.0007724255146264181
LightGBM,0.33587957551910774,0.33416797994558467,0.0017115955735230726
Gradient Boosting,0.3487265314627729,0.33743700517869923,0.011289526284073648
